village_id,circle_id,name,village_code
1,1,Solapur_Taluka_1_Circle_1_Village_1,VIL00001
2,1,Solapur_Taluka_1_Circle_1_Village_2,VIL00002
3,1,Solapur_Taluka_1_Circle_1_Village_3,VIL00003
4,1,Solapur_Taluka_1_Circle_1_Village_4,VIL00004
5,2,Solapur_Taluka_1_Circle_2_Village_1,VIL00005
6,2,Solapur_Taluka_1_Circle_2_Village_2,VIL00006
7,2,Solapur_Taluka_1_Circle_2_Village_3,VIL00007
8,2,Solapur_Taluka_1_Circle_2_Village_4,VIL00008
9,3,Solapur_Taluka_1_Circle_3_Village_1,VIL00009
10,3,Solapur_Taluka_1_Circle_3_Village_2,VIL00010
11,3,Solapur_Taluka_1_Circle_3_Village_3,VIL00011
12,3,Solapur_Taluka_1_Circle_3_Village_4,VIL00012
13,4,Solapur_Taluka_2_Circle_1_Village_1,VIL00013
14,4,Solapur_Taluka_2_Circle_1_Village_2,VIL00014
15,4,Solapur_Taluka_2_Circle_1_Village_3,VIL00015
16,4,Solapur_Taluka_2_Circle_1_Village_4,VIL00016
17,5,Solapur_Taluka_2_Circle_2_Village_1,VIL00017
18,5,Solapur_Taluka_2_Circle_2_Village_2,VIL00018
19,5,Solapur_Taluka_2_Circle_2_Village_3,VIL00019
20,5,Solapur_Taluka_2_Circle_2_Village_4,VIL00020
21,6,Solapur_Taluka_2_Circle_3_Village_1,VIL00021
22,6,Solapur_Taluka_2_Circle_3_Village_2,VIL00022
23,6,Solapur_Taluka_2_Circle_3_Village_3,VIL00023
24,6,Solapur_Taluka_2_Circle_3_Village_4,VIL00024
25,7,Solapur_Taluka_3_Circle_1_Village_1,VIL00025
26,7,Solapur_Taluka_3_Circle_1_Village_2,VIL00026
27,7,Solapur_Taluka_3_Circle_1_Village_3,VIL00027
28,7,Solapur_Taluka_3_Circle_1_Village_4,VIL00028
29,8,Solapur_Taluka_3_Circle_2_Village_1,VIL00029
30,8,Solapur_Taluka_3_Circle_2_Village_2,VIL00030
31,8,Solapur_Taluka_3_Circle_2_Village_3,VIL00031
32,8,Solapur_Taluka_3_Circle_2_Village_4,VIL00032
33,9,Solapur_Taluka_3_Circle_3_Village_1,VIL00033
34,9,Solapur_Taluka_3_Circle_3_Village_2,VIL00034
35,9,Solapur_Taluka_3_Circle_3_Village_3,VIL00035
36,9,Solapur_Taluka_3_Circle_3_Village_4,VIL00036
37,10,Solapur_Taluka_4_Circle_1_Village_1,VIL00037
38,10,Solapur_Taluka_4_Circle_1_Village_2,VIL00038
39,10,Solapur_Taluka_4_Circle_1_Village_3,VIL00039
40,10,Solapur_Taluka_4_Circle_1_Village_4,VIL00040
41,11,Solapur_Taluka_4_Circle_2_Village_1,VIL00041
42,11,Solapur_Taluka_4_Circle_2_Village_2,VIL00042
43,11,Solapur_Taluka_4_Circle_2_Village_3,VIL00043
44,11,Solapur_Taluka_4_Circle_2_Village_4,VIL00044
45,12,Solapur_Taluka_4_Circle_3_Village_1,VIL00045
46,12,Solapur_Taluka_4_Circle_3_Village_2,VIL00046
47,12,Solapur_Taluka_4_Circle_3_Village_3,VIL00047
48,12,Solapur_Taluka_4_Circle_3_Village_4,VIL00048
49,13,Solapur_Taluka_5_Circle_1_Village_1,VIL00049
50,13,Solapur_Taluka_5_Circle_1_Village_2,VIL00050
51,13,Solapur_Taluka_5_Circle_1_Village_3,VIL00051
52,13,Solapur_Taluka_5_Circle_1_Village_4,VIL00052
53,14,Solapur_Taluka_5_Circle_2_Village_1,VIL00053
54,14,Solapur_Taluka_5_Circle_2_Village_2,VIL00054
55,14,Solapur_Taluka_5_Circle_2_Village_3,VIL00055
56,14,Solapur_Taluka_5_Circle_2_Village_4,VIL00056
57,15,Solapur_Taluka_5_Circle_3_Village_1,VIL00057
58,15,Solapur_Taluka_5_Circle_3_Village_2,VIL00058
59,15,Solapur_Taluka_5_Circle_3_Village_3,VIL00059
60,15,Solapur_Taluka_5_Circle_3_Village_4,VIL00060
61,16,Pune_Taluka_1_Circle_1_Village_1,VIL00061
62,16,Pune_Taluka_1_Circle_1_Village_2,VIL00062
63,16,Pune_Taluka_1_Circle_1_Village_3,VIL00063
64,16,Pune_Taluka_1_Circle_1_Village_4,VIL00064
65,17,Pune_Taluka_1_Circle_2_Village_1,VIL00065
66,17,Pune_Taluka_1_Circle_2_Village_2,VIL00066
67,17,Pune_Taluka_1_Circle_2_Village_3,VIL00067
68,17,Pune_Taluka_1_Circle_2_Village_4,VIL00068
69,18,Pune_Taluka_1_Circle_3_Village_1,VIL00069
70,18,Pune_Taluka_1_Circle_3_Village_2,VIL00070
71,18,Pune_Taluka_1_Circle_3_Village_3,VIL00071
72,18,Pune_Taluka_1_Circle_3_Village_4,VIL00072
73,19,Pune_Taluka_2_Circle_1_Village_1,VIL00073
74,19,Pune_Taluka_2_Circle_1_Village_2,VIL00074
75,19,Pune_Taluka_2_Circle_1_Village_3,VIL00075
76,19,Pune_Taluka_2_Circle_1_Village_4,VIL00076
77,20,Pune_Taluka_2_Circle_2_Village_1,VIL00077
78,20,Pune_Taluka_2_Circle_2_Village_2,VIL00078
79,20,Pune_Taluka_2_Circle_2_Village_3,VIL00079
80,20,Pune_Taluka_2_Circle_2_Village_4,VIL00080
81,21,Pune_Taluka_2_Circle_3_Village_1,VIL00081
82,21,Pune_Taluka_2_Circle_3_Village_2,VIL00082
83,21,Pune_Taluka_2_Circle_3_Village_3,VIL00083
84,21,Pune_Taluka_2_Circle_3_Village_4,VIL00084
85,22,Pune_Taluka_3_Circle_1_Village_1,VIL00085
86,22,Pune_Taluka_3_Circle_1_Village_2,VIL00086
87,22,Pune_Taluka_3_Circle_1_Village_3,VIL00087
88,22,Pune_Taluka_3_Circle_1_Village_4,VIL00088
89,23,Pune_Taluka_3_Circle_2_Village_1,VIL00089
90,23,Pune_Taluka_3_Circle_2_Village_2,VIL00090
91,23,Pune_Taluka_3_Circle_2_Village_3,VIL00091
92,23,Pune_Taluka_3_Circle_2_Village_4,VIL00092
93,24,Pune_Taluka_3_Circle_3_Village_1,VIL00093
94,24,Pune_Taluka_3_Circle_3_Village_2,VIL00094
95,24,Pune_Taluka_3_Circle_3_Village_3,VIL00095
96,24,Pune_Taluka_3_Circle_3_Village_4,VIL00096
97,25,Pune_Taluka_4_Circle_1_Village_1,VIL00097
98,25,Pune_Taluka_4_Circle_1_Village_2,VIL00098
99,25,Pune_Taluka_4_Circle_1_Village_3,VIL00099
100,25,Pune_Taluka_4_Circle_1_Village_4,VIL00100
101,26,Pune_Taluka_4_Circle_2_Village_1,VIL00101
102,26,Pune_Taluka_4_Circle_2_Village_2,VIL00102
103,26,Pune_Taluka_4_Circle_2_Village_3,VIL00103
104,26,Pune_Taluka_4_Circle_2_Village_4,VIL00104
105,27,Pune_Taluka_4_Circle_3_Village_1,VIL00105
106,27,Pune_Taluka_4_Circle_3_Village_2,VIL00106
107,27,Pune_Taluka_4_Circle_3_Village_3,VIL00107
108,27,Pune_Taluka_4_Circle_3_Village_4,VIL00108
109,28,Pune_Taluka_5_Circle_1_Village_1,VIL00109
110,28,Pune_Taluka_5_Circle_1_Village_2,VIL00110
111,28,Pune_Taluka_5_Circle_1_Village_3,VIL00111
112,28,Pune_Taluka_5_Circle_1_Village_4,VIL00112
113,29,Pune_Taluka_5_Circle_2_Village_1,VIL00113
114,29,Pune_Taluka_5_Circle_2_Village_2,VIL00114
115,29,Pune_Taluka_5_Circle_2_Village_3,VIL00115
116,29,Pune_Taluka_5_Circle_2_Village_4,VIL00116
117,30,Pune_Taluka_5_Circle_3_Village_1,VIL00117
118,30,Pune_Taluka_5_Circle_3_Village_2,VIL00118
119,30,Pune_Taluka_5_Circle_3_Village_3,VIL00119
120,30,Pune_Taluka_5_Circle_3_Village_4,VIL00120
121,31,Satara_Taluka_1_Circle_1_Village_1,VIL00121
122,31,Satara_Taluka_1_Circle_1_Village_2,VIL00122
123,31,Satara_Taluka_1_Circle_1_Village_3,VIL00123
124,31,Satara_Taluka_1_Circle_1_Village_4,VIL00124
125,32,Satara_Taluka_1_Circle_2_Village_1,VIL00125
126,32,Satara_Taluka_1_Circle_2_Village_2,VIL00126
127,32,Satara_Taluka_1_Circle_2_Village_3,VIL00127
128,32,Satara_Taluka_1_Circle_2_Village_4,VIL00128
129,33,Satara_Taluka_1_Circle_3_Village_1,VIL00129
130,33,Satara_Taluka_1_Circle_3_Village_2,VIL00130
131,33,Satara_Taluka_1_Circle_3_Village_3,VIL00131
132,33,Satara_Taluka_1_Circle_3_Village_4,VIL00132
133,34,Satara_Taluka_2_Circle_1_Village_1,VIL00133
134,34,Satara_Taluka_2_Circle_1_Village_2,VIL00134
135,34,Satara_Taluka_2_Circle_1_Village_3,VIL00135
136,34,Satara_Taluka_2_Circle_1_Village_4,VIL00136
137,35,Satara_Taluka_2_Circle_2_Village_1,VIL00137
138,35,Satara_Taluka_2_Circle_2_Village_2,VIL00138
139,35,Satara_Taluka_2_Circle_2_Village_3,VIL00139
140,35,Satara_Taluka_2_Circle_2_Village_4,VIL00140
141,36,Satara_Taluka_2_Circle_3_Village_1,VIL00141
142,36,Satara_Taluka_2_Circle_3_Village_2,VIL00142
143,36,Satara_Taluka_2_Circle_3_Village_3,VIL00143
144,36,Satara_Taluka_2_Circle_3_Village_4,VIL00144
145,37,Satara_Taluka_3_Circle_1_Village_1,VIL00145
146,37,Satara_Taluka_3_Circle_1_Village_2,VIL00146
147,37,Satara_Taluka_3_Circle_1_Village_3,VIL00147
148,37,Satara_Taluka_3_Circle_1_Village_4,VIL00148
149,38,Satara_Taluka_3_Circle_2_Village_1,VIL00149
150,38,Satara_Taluka_3_Circle_2_Village_2,VIL00150
151,38,Satara_Taluka_3_Circle_2_Village_3,VIL00151
152,38,Satara_Taluka_3_Circle_2_Village_4,VIL00152
153,39,Satara_Taluka_3_Circle_3_Village_1,VIL00153
154,39,Satara_Taluka_3_Circle_3_Village_2,VIL00154
155,39,Satara_Taluka_3_Circle_3_Village_3,VIL00155
156,39,Satara_Taluka_3_Circle_3_Village_4,VIL00156
157,40,Satara_Taluka_4_Circle_1_Village_1,VIL00157
158,40,Satara_Taluka_4_Circle_1_Village_2,VIL00158
159,40,Satara_Taluka_4_Circle_1_Village_3,VIL00159
160,40,Satara_Taluka_4_Circle_1_Village_4,VIL00160
161,41,Satara_Taluka_4_Circle_2_Village_1,VIL00161
162,41,Satara_Taluka_4_Circle_2_Village_2,VIL00162
163,41,Satara_Taluka_4_Circle_2_Village_3,VIL00163
164,41,Satara_Taluka_4_Circle_2_Village_4,VIL00164
165,42,Satara_Taluka_4_Circle_3_Village_1,VIL00165
166,42,Satara_Taluka_4_Circle_3_Village_2,VIL00166
167,42,Satara_Taluka_4_Circle_3_Village_3,VIL00167
168,42,Satara_Taluka_4_Circle_3_Village_4,VIL00168
169,43,Satara_Taluka_5_Circle_1_Village_1,VIL00169
170,43,Satara_Taluka_5_Circle_1_Village_2,VIL00170
171,43,Satara_Taluka_5_Circle_1_Village_3,VIL00171
172,43,Satara_Taluka_5_Circle_1_Village_4,VIL00172
173,44,Satara_Taluka_5_Circle_2_Village_1,VIL00173
174,44,Satara_Taluka_5_Circle_2_Village_2,VIL00174
175,44,Satara_Taluka_5_Circle_2_Village_3,VIL00175
176,44,Satara_Taluka_5_Circle_2_Village_4,VIL00176
177,45,Satara_Taluka_5_Circle_3_Village_1,VIL00177
178,45,Satara_Taluka_5_Circle_3_Village_2,VIL00178
179,45,Satara_Taluka_5_Circle_3_Village_3,VIL00179
180,45,Satara_Taluka_5_Circle_3_Village_4,VIL00180
181,46,Kolhapur_Taluka_1_Circle_1_Village_1,VIL00181
182,46,Kolhapur_Taluka_1_Circle_1_Village_2,VIL00182
183,46,Kolhapur_Taluka_1_Circle_1_Village_3,VIL00183
184,46,Kolhapur_Taluka_1_Circle_1_Village_4,VIL00184
185,47,Kolhapur_Taluka_1_Circle_2_Village_1,VIL00185
186,47,Kolhapur_Taluka_1_Circle_2_Village_2,VIL00186
187,47,Kolhapur_Taluka_1_Circle_2_Village_3,VIL00187
188,47,Kolhapur_Taluka_1_Circle_2_Village_4,VIL00188
189,48,Kolhapur_Taluka_1_Circle_3_Village_1,VIL00189
190,48,Kolhapur_Taluka_1_Circle_3_Village_2,VIL00190
191,48,Kolhapur_Taluka_1_Circle_3_Village_3,VIL00191
192,48,Kolhapur_Taluka_1_Circle_3_Village_4,VIL00192
193,49,Kolhapur_Taluka_2_Circle_1_Village_1,VIL00193
194,49,Kolhapur_Taluka_2_Circle_1_Village_2,VIL00194
195,49,Kolhapur_Taluka_2_Circle_1_Village_3,VIL00195
196,49,Kolhapur_Taluka_2_Circle_1_Village_4,VIL00196
197,50,Kolhapur_Taluka_2_Circle_2_Village_1,VIL00197
198,50,Kolhapur_Taluka_2_Circle_2_Village_2,VIL00198
199,50,Kolhapur_Taluka_2_Circle_2_Village_3,VIL00199
200,50,Kolhapur_Taluka_2_Circle_2_Village_4,VIL00200
201,51,Kolhapur_Taluka_2_Circle_3_Village_1,VIL00201
202,51,Kolhapur_Taluka_2_Circle_3_Village_2,VIL00202
203,51,Kolhapur_Taluka_2_Circle_3_Village_3,VIL00203
204,51,Kolhapur_Taluka_2_Circle_3_Village_4,VIL00204
205,52,Kolhapur_Taluka_3_Circle_1_Village_1,VIL00205
206,52,Kolhapur_Taluka_3_Circle_1_Village_2,VIL00206
207,52,Kolhapur_Taluka_3_Circle_1_Village_3,VIL00207
208,52,Kolhapur_Taluka_3_Circle_1_Village_4,VIL00208
209,53,Kolhapur_Taluka_3_Circle_2_Village_1,VIL00209
210,53,Kolhapur_Taluka_3_Circle_2_Village_2,VIL00210
211,53,Kolhapur_Taluka_3_Circle_2_Village_3,VIL00211
212,53,Kolhapur_Taluka_3_Circle_2_Village_4,VIL00212
213,54,Kolhapur_Taluka_3_Circle_3_Village_1,VIL00213
214,54,Kolhapur_Taluka_3_Circle_3_Village_2,VIL00214
215,54,Kolhapur_Taluka_3_Circle_3_Village_3,VIL00215
216,54,Kolhapur_Taluka_3_Circle_3_Village_4,VIL00216
217,55,Kolhapur_Taluka_4_Circle_1_Village_1,VIL00217
218,55,Kolhapur_Taluka_4_Circle_1_Village_2,VIL00218
219,55,Kolhapur_Taluka_4_Circle_1_Village_3,VIL00219
220,55,Kolhapur_Taluka_4_Circle_1_Village_4,VIL00220
221,56,Kolhapur_Taluka_4_Circle_2_Village_1,VIL00221
222,56,Kolhapur_Taluka_4_Circle_2_Village_2,VIL00222
223,56,Kolhapur_Taluka_4_Circle_2_Village_3,VIL00223
224,56,Kolhapur_Taluka_4_Circle_2_Village_4,VIL00224
225,57,Kolhapur_Taluka_4_Circle_3_Village_1,VIL00225
226,57,Kolhapur_Taluka_4_Circle_3_Village_2,VIL00226
227,57,Kolhapur_Taluka_4_Circle_3_Village_3,VIL00227
228,57,Kolhapur_Taluka_4_Circle_3_Village_4,VIL00228
229,58,Kolhapur_Taluka_5_Circle_1_Village_1,VIL00229
230,58,Kolhapur_Taluka_5_Circle_1_Village_2,VIL00230
231,58,Kolhapur_Taluka_5_Circle_1_Village_3,VIL00231
232,58,Kolhapur_Taluka_5_Circle_1_Village_4,VIL00232
233,59,Kolhapur_Taluka_5_Circle_2_Village_1,VIL00233
234,59,Kolhapur_Taluka_5_Circle_2_Village_2,VIL00234
235,59,Kolhapur_Taluka_5_Circle_2_Village_3,VIL00235
236,59,Kolhapur_Taluka_5_Circle_2_Village_4,VIL00236
237,60,Kolhapur_Taluka_5_Circle_3_Village_1,VIL00237
238,60,Kolhapur_Taluka_5_Circle_3_Village_2,VIL00238
239,60,Kolhapur_Taluka_5_Circle_3_Village_3,VIL00239
240,60,Kolhapur_Taluka_5_Circle_3_Village_4,VIL00240
241,61,Nashik_Taluka_1_Circle_1_Village_1,VIL00241
242,61,Nashik_Taluka_1_Circle_1_Village_2,VIL00242
243,61,Nashik_Taluka_1_Circle_1_Village_3,VIL00243
244,61,Nashik_Taluka_1_Circle_1_Village_4,VIL00244
245,62,Nashik_Taluka_1_Circle_2_Village_1,VIL00245
246,62,Nashik_Taluka_1_Circle_2_Village_2,VIL00246
247,62,Nashik_Taluka_1_Circle_2_Village_3,VIL00247
248,62,Nashik_Taluka_1_Circle_2_Village_4,VIL00248
249,63,Nashik_Taluka_1_Circle_3_Village_1,VIL00249
250,63,Nashik_Taluka_1_Circle_3_Village_2,VIL00250
251,63,Nashik_Taluka_1_Circle_3_Village_3,VIL00251
252,63,Nashik_Taluka_1_Circle_3_Village_4,VIL00252
253,64,Nashik_Taluka_2_Circle_1_Village_1,VIL00253
254,64,Nashik_Taluka_2_Circle_1_Village_2,VIL00254
255,64,Nashik_Taluka_2_Circle_1_Village_3,VIL00255
256,64,Nashik_Taluka_2_Circle_1_Village_4,VIL00256
257,65,Nashik_Taluka_2_Circle_2_Village_1,VIL00257
258,65,Nashik_Taluka_2_Circle_2_Village_2,VIL00258
259,65,Nashik_Taluka_2_Circle_2_Village_3,VIL00259
260,65,Nashik_Taluka_2_Circle_2_Village_4,VIL00260
261,66,Nashik_Taluka_2_Circle_3_Village_1,VIL00261
262,66,Nashik_Taluka_2_Circle_3_Village_2,VIL00262
263,66,Nashik_Taluka_2_Circle_3_Village_3,VIL00263
264,66,Nashik_Taluka_2_Circle_3_Village_4,VIL00264
265,67,Nashik_Taluka_3_Circle_1_Village_1,VIL00265
266,67,Nashik_Taluka_3_Circle_1_Village_2,VIL00266
267,67,Nashik_Taluka_3_Circle_1_Village_3,VIL00267
268,67,Nashik_Taluka_3_Circle_1_Village_4,VIL00268
269,68,Nashik_Taluka_3_Circle_2_Village_1,VIL00269
270,68,Nashik_Taluka_3_Circle_2_Village_2,VIL00270
271,68,Nashik_Taluka_3_Circle_2_Village_3,VIL00271
272,68,Nashik_Taluka_3_Circle_2_Village_4,VIL00272
273,69,Nashik_Taluka_3_Circle_3_Village_1,VIL00273
274,69,Nashik_Taluka_3_Circle_3_Village_2,VIL00274
275,69,Nashik_Taluka_3_Circle_3_Village_3,VIL00275
276,69,Nashik_Taluka_3_Circle_3_Village_4,VIL00276
277,70,Nashik_Taluka_4_Circle_1_Village_1,VIL00277
278,70,Nashik_Taluka_4_Circle_1_Village_2,VIL00278
279,70,Nashik_Taluka_4_Circle_1_Village_3,VIL00279
280,70,Nashik_Taluka_4_Circle_1_Village_4,VIL00280
281,71,Nashik_Taluka_4_Circle_2_Village_1,VIL00281
282,71,Nashik_Taluka_4_Circle_2_Village_2,VIL00282
283,71,Nashik_Taluka_4_Circle_2_Village_3,VIL00283
284,71,Nashik_Taluka_4_Circle_2_Village_4,VIL00284
285,72,Nashik_Taluka_4_Circle_3_Village_1,VIL00285
286,72,Nashik_Taluka_4_Circle_3_Village_2,VIL00286
287,72,Nashik_Taluka_4_Circle_3_Village_3,VIL00287
288,72,Nashik_Taluka_4_Circle_3_Village_4,VIL00288
289,73,Nashik_Taluka_5_Circle_1_Village_1,VIL00289
290,73,Nashik_Taluka_5_Circle_1_Village_2,VIL00290
291,73,Nashik_Taluka_5_Circle_1_Village_3,VIL00291
292,73,Nashik_Taluka_5_Circle_1_Village_4,VIL00292
293,74,Nashik_Taluka_5_Circle_2_Village_1,VIL00293
294,74,Nashik_Taluka_5_Circle_2_Village_2,VIL00294
295,74,Nashik_Taluka_5_Circle_2_Village_3,VIL00295
296,74,Nashik_Taluka_5_Circle_2_Village_4,VIL00296
297,75,Nashik_Taluka_5_Circle_3_Village_1,VIL00297
298,75,Nashik_Taluka_5_Circle_3_Village_2,VIL00298
299,75,Nashik_Taluka_5_Circle_3_Village_3,VIL00299
300,75,Nashik_Taluka_5_Circle_3_Village_4,VIL00300
301,76,Nagpur_Taluka_1_Circle_1_Village_1,VIL00301
302,76,Nagpur_Taluka_1_Circle_1_Village_2,VIL00302
303,76,Nagpur_Taluka_1_Circle_1_Village_3,VIL00303
304,76,Nagpur_Taluka_1_Circle_1_Village_4,VIL00304
305,77,Nagpur_Taluka_1_Circle_2_Village_1,VIL00305
306,77,Nagpur_Taluka_1_Circle_2_Village_2,VIL00306
307,77,Nagpur_Taluka_1_Circle_2_Village_3,VIL00307
308,77,Nagpur_Taluka_1_Circle_2_Village_4,VIL00308
309,78,Nagpur_Taluka_1_Circle_3_Village_1,VIL00309
310,78,Nagpur_Taluka_1_Circle_3_Village_2,VIL00310
311,78,Nagpur_Taluka_1_Circle_3_Village_3,VIL00311
312,78,Nagpur_Taluka_1_Circle_3_Village_4,VIL00312
313,79,Nagpur_Taluka_2_Circle_1_Village_1,VIL00313
314,79,Nagpur_Taluka_2_Circle_1_Village_2,VIL00314
315,79,Nagpur_Taluka_2_Circle_1_Village_3,VIL00315
316,79,Nagpur_Taluka_2_Circle_1_Village_4,VIL00316
317,80,Nagpur_Taluka_2_Circle_2_Village_1,VIL00317
318,80,Nagpur_Taluka_2_Circle_2_Village_2,VIL00318
319,80,Nagpur_Taluka_2_Circle_2_Village_3,VIL00319
320,80,Nagpur_Taluka_2_Circle_2_Village_4,VIL00320
321,81,Nagpur_Taluka_2_Circle_3_Village_1,VIL00321
322,81,Nagpur_Taluka_2_Circle_3_Village_2,VIL00322
323,81,Nagpur_Taluka_2_Circle_3_Village_3,VIL00323
324,81,Nagpur_Taluka_2_Circle_3_Village_4,VIL00324
325,82,Nagpur_Taluka_3_Circle_1_Village_1,VIL00325
326,82,Nagpur_Taluka_3_Circle_1_Village_2,VIL00326
327,82,Nagpur_Taluka_3_Circle_1_Village_3,VIL00327
328,82,Nagpur_Taluka_3_Circle_1_Village_4,VIL00328
329,83,Nagpur_Taluka_3_Circle_2_Village_1,VIL00329
330,83,Nagpur_Taluka_3_Circle_2_Village_2,VIL00330
331,83,Nagpur_Taluka_3_Circle_2_Village_3,VIL00331
332,83,Nagpur_Taluka_3_Circle_2_Village_4,VIL00332
333,84,Nagpur_Taluka_3_Circle_3_Village_1,VIL00333
334,84,Nagpur_Taluka_3_Circle_3_Village_2,VIL00334
335,84,Nagpur_Taluka_3_Circle_3_Village_3,VIL00335
336,84,Nagpur_Taluka_3_Circle_3_Village_4,VIL00336
337,85,Nagpur_Taluka_4_Circle_1_Village_1,VIL00337
338,85,Nagpur_Taluka_4_Circle_1_Village_2,VIL00338
339,85,Nagpur_Taluka_4_Circle_1_Village_3,VIL00339
340,85,Nagpur_Taluka_4_Circle_1_Village_4,VIL00340
341,86,Nagpur_Taluka_4_Circle_2_Village_1,VIL00341
342,86,Nagpur_Taluka_4_Circle_2_Village_2,VIL00342
343,86,Nagpur_Taluka_4_Circle_2_Village_3,VIL00343
344,86,Nagpur_Taluka_4_Circle_2_Village_4,VIL00344
345,87,Nagpur_Taluka_4_Circle_3_Village_1,VIL00345
346,87,Nagpur_Taluka_4_Circle_3_Village_2,VIL00346
347,87,Nagpur_Taluka_4_Circle_3_Village_3,VIL00347
348,87,Nagpur_Taluka_4_Circle_3_Village_4,VIL00348
349,88,Nagpur_Taluka_5_Circle_1_Village_1,VIL00349
350,88,Nagpur_Taluka_5_Circle_1_Village_2,VIL00350
351,88,Nagpur_Taluka_5_Circle_1_Village_3,VIL00351
352,88,Nagpur_Taluka_5_Circle_1_Village_4,VIL00352
353,89,Nagpur_Taluka_5_Circle_2_Village_1,VIL00353
354,89,Nagpur_Taluka_5_Circle_2_Village_2,VIL00354
355,89,Nagpur_Taluka_5_Circle_2_Village_3,VIL00355
356,89,Nagpur_Taluka_5_Circle_2_Village_4,VIL00356
357,90,Nagpur_Taluka_5_Circle_3_Village_1,VIL00357
358,90,Nagpur_Taluka_5_Circle_3_Village_2,VIL00358
359,90,Nagpur_Taluka_5_Circle_3_Village_3,VIL00359
360,90,Nagpur_Taluka_5_Circle_3_Village_4,VIL00360
361,91,Jalgaon_Taluka_1_Circle_1_Village_1,VIL00361
362,91,Jalgaon_Taluka_1_Circle_1_Village_2,VIL00362
363,91,Jalgaon_Taluka_1_Circle_1_Village_3,VIL00363
364,91,Jalgaon_Taluka_1_Circle_1_Village_4,VIL00364
365,92,Jalgaon_Taluka_1_Circle_2_Village_1,VIL00365
366,92,Jalgaon_Taluka_1_Circle_2_Village_2,VIL00366
367,92,Jalgaon_Taluka_1_Circle_2_Village_3,VIL00367
368,92,Jalgaon_Taluka_1_Circle_2_Village_4,VIL00368
369,93,Jalgaon_Taluka_1_Circle_3_Village_1,VIL00369
370,93,Jalgaon_Taluka_1_Circle_3_Village_2,VIL00370
371,93,Jalgaon_Taluka_1_Circle_3_Village_3,VIL00371
372,93,Jalgaon_Taluka_1_Circle_3_Village_4,VIL00372
373,94,Jalgaon_Taluka_2_Circle_1_Village_1,VIL00373
374,94,Jalgaon_Taluka_2_Circle_1_Village_2,VIL00374
375,94,Jalgaon_Taluka_2_Circle_1_Village_3,VIL00375
376,94,Jalgaon_Taluka_2_Circle_1_Village_4,VIL00376
377,95,Jalgaon_Taluka_2_Circle_2_Village_1,VIL00377
378,95,Jalgaon_Taluka_2_Circle_2_Village_2,VIL00378
379,95,Jalgaon_Taluka_2_Circle_2_Village_3,VIL00379
380,95,Jalgaon_Taluka_2_Circle_2_Village_4,VIL00380
381,96,Jalgaon_Taluka_2_Circle_3_Village_1,VIL00381
382,96,Jalgaon_Taluka_2_Circle_3_Village_2,VIL00382
383,96,Jalgaon_Taluka_2_Circle_3_Village_3,VIL00383
384,96,Jalgaon_Taluka_2_Circle_3_Village_4,VIL00384
385,97,Jalgaon_Taluka_3_Circle_1_Village_1,VIL00385
386,97,Jalgaon_Taluka_3_Circle_1_Village_2,VIL00386
387,97,Jalgaon_Taluka_3_Circle_1_Village_3,VIL00387
388,97,Jalgaon_Taluka_3_Circle_1_Village_4,VIL00388
389,98,Jalgaon_Taluka_3_Circle_2_Village_1,VIL00389
390,98,Jalgaon_Taluka_3_Circle_2_Village_2,VIL00390
391,98,Jalgaon_Taluka_3_Circle_2_Village_3,VIL00391
392,98,Jalgaon_Taluka_3_Circle_2_Village_4,VIL00392
393,99,Jalgaon_Taluka_3_Circle_3_Village_1,VIL00393
394,99,Jalgaon_Taluka_3_Circle_3_Village_2,VIL00394
395,99,Jalgaon_Taluka_3_Circle_3_Village_3,VIL00395
396,99,Jalgaon_Taluka_3_Circle_3_Village_4,VIL00396
397,100,Jalgaon_Taluka_4_Circle_1_Village_1,VIL00397
398,100,Jalgaon_Taluka_4_Circle_1_Village_2,VIL00398
399,100,Jalgaon_Taluka_4_Circle_1_Village_3,VIL00399
400,100,Jalgaon_Taluka_4_Circle_1_Village_4,VIL00400
401,101,Jalgaon_Taluka_4_Circle_2_Village_1,VIL00401
402,101,Jalgaon_Taluka_4_Circle_2_Village_2,VIL00402
403,101,Jalgaon_Taluka_4_Circle_2_Village_3,VIL00403
404,101,Jalgaon_Taluka_4_Circle_2_Village_4,VIL00404
405,102,Jalgaon_Taluka_4_Circle_3_Village_1,VIL00405
406,102,Jalgaon_Taluka_4_Circle_3_Village_2,VIL00406
407,102,Jalgaon_Taluka_4_Circle_3_Village_3,VIL00407
408,102,Jalgaon_Taluka_4_Circle_3_Village_4,VIL00408
409,103,Jalgaon_Taluka_5_Circle_1_Village_1,VIL00409
410,103,Jalgaon_Taluka_5_Circle_1_Village_2,VIL00410
411,103,Jalgaon_Taluka_5_Circle_1_Village_3,VIL00411
412,103,Jalgaon_Taluka_5_Circle_1_Village_4,VIL00412
413,104,Jalgaon_Taluka_5_Circle_2_Village_1,VIL00413
414,104,Jalgaon_Taluka_5_Circle_2_Village_2,VIL00414
415,104,Jalgaon_Taluka_5_Circle_2_Village_3,VIL00415
416,104,Jalgaon_Taluka_5_Circle_2_Village_4,VIL00416
417,105,Jalgaon_Taluka_5_Circle_3_Village_1,VIL00417
418,105,Jalgaon_Taluka_5_Circle_3_Village_2,VIL00418
419,105,Jalgaon_Taluka_5_Circle_3_Village_3,VIL00419
420,105,Jalgaon_Taluka_5_Circle_3_Village_4,VIL00420
421,106,Ahmednagar_Taluka_1_Circle_1_Village_1,VIL00421
422,106,Ahmednagar_Taluka_1_Circle_1_Village_2,VIL00422
423,106,Ahmednagar_Taluka_1_Circle_1_Village_3,VIL00423
424,106,Ahmednagar_Taluka_1_Circle_1_Village_4,VIL00424
425,107,Ahmednagar_Taluka_1_Circle_2_Village_1,VIL00425
426,107,Ahmednagar_Taluka_1_Circle_2_Village_2,VIL00426
427,107,Ahmednagar_Taluka_1_Circle_2_Village_3,VIL00427
428,107,Ahmednagar_Taluka_1_Circle_2_Village_4,VIL00428
429,108,Ahmednagar_Taluka_1_Circle_3_Village_1,VIL00429
430,108,Ahmednagar_Taluka_1_Circle_3_Village_2,VIL00430
431,108,Ahmednagar_Taluka_1_Circle_3_Village_3,VIL00431
432,108,Ahmednagar_Taluka_1_Circle_3_Village_4,VIL00432
433,109,Ahmednagar_Taluka_2_Circle_1_Village_1,VIL00433
434,109,Ahmednagar_Taluka_2_Circle_1_Village_2,VIL00434
435,109,Ahmednagar_Taluka_2_Circle_1_Village_3,VIL00435
436,109,Ahmednagar_Taluka_2_Circle_1_Village_4,VIL00436
437,110,Ahmednagar_Taluka_2_Circle_2_Village_1,VIL00437
438,110,Ahmednagar_Taluka_2_Circle_2_Village_2,VIL00438
439,110,Ahmednagar_Taluka_2_Circle_2_Village_3,VIL00439
440,110,Ahmednagar_Taluka_2_Circle_2_Village_4,VIL00440
441,111,Ahmednagar_Taluka_2_Circle_3_Village_1,VIL00441
442,111,Ahmednagar_Taluka_2_Circle_3_Village_2,VIL00442
443,111,Ahmednagar_Taluka_2_Circle_3_Village_3,VIL00443
444,111,Ahmednagar_Taluka_2_Circle_3_Village_4,VIL00444
445,112,Ahmednagar_Taluka_3_Circle_1_Village_1,VIL00445
446,112,Ahmednagar_Taluka_3_Circle_1_Village_2,VIL00446
447,112,Ahmednagar_Taluka_3_Circle_1_Village_3,VIL00447
448,112,Ahmednagar_Taluka_3_Circle_1_Village_4,VIL00448
449,113,Ahmednagar_Taluka_3_Circle_2_Village_1,VIL00449
450,113,Ahmednagar_Taluka_3_Circle_2_Village_2,VIL00450
451,113,Ahmednagar_Taluka_3_Circle_2_Village_3,VIL00451
452,113,Ahmednagar_Taluka_3_Circle_2_Village_4,VIL00452
453,114,Ahmednagar_Taluka_3_Circle_3_Village_1,VIL00453
454,114,Ahmednagar_Taluka_3_Circle_3_Village_2,VIL00454
455,114,Ahmednagar_Taluka_3_Circle_3_Village_3,VIL00455
456,114,Ahmednagar_Taluka_3_Circle_3_Village_4,VIL00456
457,115,Ahmednagar_Taluka_4_Circle_1_Village_1,VIL00457
458,115,Ahmednagar_Taluka_4_Circle_1_Village_2,VIL00458
459,115,Ahmednagar_Taluka_4_Circle_1_Village_3,VIL00459
460,115,Ahmednagar_Taluka_4_Circle_1_Village_4,VIL00460
461,116,Ahmednagar_Taluka_4_Circle_2_Village_1,VIL00461
462,116,Ahmednagar_Taluka_4_Circle_2_Village_2,VIL00462
463,116,Ahmednagar_Taluka_4_Circle_2_Village_3,VIL00463
464,116,Ahmednagar_Taluka_4_Circle_2_Village_4,VIL00464
465,117,Ahmednagar_Taluka_4_Circle_3_Village_1,VIL00465
466,117,Ahmednagar_Taluka_4_Circle_3_Village_2,VIL00466
467,117,Ahmednagar_Taluka_4_Circle_3_Village_3,VIL00467
468,117,Ahmednagar_Taluka_4_Circle_3_Village_4,VIL00468
469,118,Ahmednagar_Taluka_5_Circle_1_Village_1,VIL00469
470,118,Ahmednagar_Taluka_5_Circle_1_Village_2,VIL00470
471,118,Ahmednagar_Taluka_5_Circle_1_Village_3,VIL00471
472,118,Ahmednagar_Taluka_5_Circle_1_Village_4,VIL00472
473,119,Ahmednagar_Taluka_5_Circle_2_Village_1,VIL00473
474,119,Ahmednagar_Taluka_5_Circle_2_Village_2,VIL00474
475,119,Ahmednagar_Taluka_5_Circle_2_Village_3,VIL00475
476,119,Ahmednagar_Taluka_5_Circle_2_Village_4,VIL00476
477,120,Ahmednagar_Taluka_5_Circle_3_Village_1,VIL00477
478,120,Ahmednagar_Taluka_5_Circle_3_Village_2,VIL00478
479,120,Ahmednagar_Taluka_5_Circle_3_Village_3,VIL00479
480,120,Ahmednagar_Taluka_5_Circle_3_Village_4,VIL00480
